"index","station_nm","lon","lat","user","var_n1","var_n2","var_n3","var_n4","var_n5","var_n6","var_n7","var_n8"
1,"가능",127.044251,37.748362,15038,417,301,485,32,110,51,50,7
1,"가락시장",127.118104,37.4923175,32841,312,195,277,107,89,38,69,7
1,"가산디지털단지",126.8825735,37.48089,114668,312,189,263,77,47,47,49,43
1,"가양",126.854244,37.561553,40613,114,90,102,20,56,36,39,0
1,"가좌",126.914841,37.56861,8506,177,127,195,16,51,31,26,9
1,"가천대",127.126635,37.449602,19973,116,119,164,16,24,11,21,6
1,"가평",127.510693,37.814515,5760,23,14,18,0,2,0,4,2
1,"간석",126.693408,37.464689,13494,316,287,426,70,125,62,73,9
1,"갈매",127.1156625,37.6348265,1589,23,15,34,2,2,0,8,0
1,"강남",127.027621,37.497942,199596,641,347,368,110,190,135,177,25
1,"강남구청",127.0411685,37.517473,50015,444,459,445,74,101,97,117,11
1,"강동",127.132187,37.53594,35657,602,398,448,120,130,109,148,55
1,"강동구청",127.120535,37.53051,20862,334,242,267,44,126,75,75,1
1,"강매",126.8454369,37.6125959,4591,43,40,56,13,46,17,22,0
1,"강변",127.094672,37.535144,99851,150,98,127,33,78,24,54,4
1,"강촌",127.63478,37.81829,1685,24,2,7,3,0,1,2,8
1,"개롱",127.1346598,37.4981619,13872,220,200,224,37,115,44,34,1
1,"개봉",126.858504,37.494698,48070,191,157,190,37,103,46,33,8
1,"개포동",127.066502,37.489167,7375,28,24,27,10,35,12,14,0
1,"개화",126.797391,37.578576,10588,7,14,15,0,1,0,1,0
1,"개화산",126.806839,37.572455,11539,212,130,159,44,71,39,35,3
1,"거여",127.143597,37.493422,13629,201,147,183,43,78,56,41,2
1,"건대입구",127.069236,37.540389,131101,662,329,487,157,137,95,106,12
1,"검암",126.6736077,37.5692314,27051,62,38,64,17,37,10,19,0
1,"경마공원",127.007899,37.443987,15744,13,7,35,0,1,0,1,0
1,"경복궁",126.97358,37.575838,52595,451,128,217,26,45,37,38,11
1,"경찰병원",127.12419,37.495694,15054,441,347,450,111,166,72,105,6
1,"계양",126.7363805,37.571594,20632,10,8,10,1,0,1,0,0
1,"고덕",127.15411,37.555051,16860,98,73,86,21,77,32,32,1
1,"고려대",127.035859,37.590401,19798,312,169,289,26,53,47,33,23
1,"고속터미널",127.0049151,37.5049142,195094,101,81,98,26,90,50,39,3
1,"고잔",126.823094,37.316821,18396,136,132,177,32,43,23,52,5
1,"곡산",126.8017,37.645892,1104,5,6,10,0,1,0,0,0
1,"공덕",126.951576,37.54322,68465,370,158,204,43,72,70,61,8
1,"공릉",127.072894,37.625787,26058,301,184,216,58,93,59,30,3
1,"공항시장",126.8086965,37.5623155,6259,309,144,205,46,50,34,36,10
1,"공항화물청사",126.477492,37.459049,5138,0,0,1,0,0,0,0,0
1,"과천",126.996404,37.433205,10110,50,45,75,14,49,19,18,1
1,"관악",126.908476,37.419578,17390,124,74,137,16,44,13,30,2
1,"광나루",127.103606,37.545332,27781,139,79,127,20,56,27,38,3
1,"광명",126.884789,37.416522,1574,26,9,15,0,1,0,7,0
1,"광명사거리",126.8546747,37.4793066,54574,573,353,637,82,153,96,99,58
1,"광운대",127.061817,37.6237325,19920,109,58,90,19,52,17,12,2
1,"광화문",126.976177,37.5696765,76385,417,130,175,36,46,68,46,18
1,"광흥창",126.931855,37.547478,18703,278,202,252,22,85,37,57,9
1,"교대",127.0142285,37.4934705,103608,508,301,263,96,149,99,159,11
1,"구로",126.8820367,37.5031784,44374,240,168,224,51,85,35,52,9
1,"구로디지털단지",126.901472,37.48525,126590,401,256,342,103,81,71,87,26
1,"구룡",127.059496,37.486985,4131,62,46,48,11,57,28,24,1
1,"구리",127.1432928,37.6033064,28494,517,243,381,78,103,77,63,43
1,"구반포",126.987427,37.501431,6715,93,82,101,21,42,29,43,3
1,"구산",126.917879,37.610725,14307,423,306,426,47,144,79,54,5
1,"구성",127.105664,37.299013,10198,54,56,85,9,31,15,20,2
1,"구의",127.0852645,37.5368933,47887,495,340,504,136,157,73,133,12
1,"구일",126.869599,37.496273,14467,85,48,68,22,44,16,11,1
1,"구파발",126.918833,37.636581,33241,31,20,29,0,22,10,6,0
1,"국수",127.399501,37.516196,1810,33,10,14,1,3,1,12,1
1,"국회의사당",126.917853,37.528128,30638,78,51,54,9,13,13,20,5
1,"군자",127.079589,37.5573355,48921,534,480,718,128,153,91,157,18
1,"군포",126.948517,37.353732,14447,227,200,338,58,46,41,74,17
1,"굴봉산",127.557732,37.832086,567,2,0,1,0,0,0,1,0
1,"굴포천",126.725813,37.508231,17868,328,223,353,55,92,49,86,4
1,"굽은다리",127.142906,37.545539,19459,393,394,421,90,181,91,108,3
1,"금곡",127.207931,37.637414,2952,126,79,155,14,34,27,27,3
1,"금릉",126.765664,37.751265,9680,39,41,42,17,56,17,20,0
1,"금정",126.9434895,37.372237,57582,401,235,428,72,82,51,62,32
1,"금천구청",126.894003,37.455645,22474,182,122,204,48,72,44,33,14
1,"금촌",126.774515,37.766106,14431,305,236,416,66,74,46,43,26
1,"금호",127.015789,37.54826,15217,288,198,317,37,80,66,58,11
1,"기흥",127.115944,37.275657,28458,194,139,172,63,75,28,49,5
1,"길동",127.139992,37.537769,15499,607,495,586,131,193,125,174,37
1,"길음",127.024914,37.603185,55486,233,202,279,47,120,75,54,19
1,"김유정",127.714302,37.818475,1217,32,4,11,0,0,1,0,0
1,"김포공항",126.8019274,37.5618288,50499,65,36,56,9,4,3,13,5
1,"까치산",126.8467055,37.5317675,58303,331,247,319,57,101,51,75,62
1,"까치울",126.8113591,37.5062327,12263,60,22,45,3,13,3,6,0
1,"낙성대",126.963418,37.477117,60926,358,260,399,62,120,76,96,4
1,"남구로",126.887272,37.486087,33229,583,336,527,108,103,83,79,70
1,"남동인더스파크",126.695235,37.407772,4064,42,32,88,3,4,6,21,1
1,"남부터미널",127.016274,37.48491,73178,350,251,322,78,86,52,114,25
1,"남성",126.970673,37.484876,22370,242,207,322,27,100,53,53,2
1,"남영",126.971171,37.540597,24540,442,234,345,56,56,39,58,20
1,"남춘천",127.723761,37.864071,6738,441,216,306,54,101,32,53,26
1,"남태령",126.989097,37.464237,2707,8,9,15,0,3,0,3,0
1,"남한산성입구",127.159821,37.451541,27921,323,273,418,56,123,56,66,9
1,"내방",126.993598,37.487707,28332,414,508,566,81,181,91,220,14
1,"노들",126.952213,37.513416,9092,129,43,97,19,101,18,23,3
1,"노량진",126.94167,37.514072,92767,278,83,184,43,166,36,36,11
1,"노원",127.060551,37.654527,94445,245,141,167,85,113,85,35,15
1,"녹번",126.935761,37.600869,25700,110,92,150,7,52,27,23,5
1,"녹사평",126.9853515,37.534945,15382,351,89,253,17,23,22,32,9
1,"녹양",127.042272,37.759416,9813,90,50,141,13,33,16,15,2
1,"녹천",127.051406,37.644599,9548,19,20,34,2,32,6,12,0
1,"논현",127.021728,37.511206,40477,635,507,478,154,128,132,144,13
1,"능곡",126.820845,37.618741,7342,164,132,211,23,50,25,41,14
1,"단대오거리",127.156709,37.44505,24491,457,310,477,97,114,82,60,93
1,"달월",126.745431,37.379993,194,2,0,6,0,0,0,0,0
1,"답십리",127.052382,37.567072,31125,335,222,422,45,65,63,48,16
1,"당고개",127.079011,37.67026,26691,146,96,184,22,34,27,13,9
1,"당산",126.9019901,37.5340278,80041,283,168,213,49,85,52,67,17
1,"당정",126.948388,37.34338,14855,91,72,94,17,50,23,22,0
1,"대곡",126.8102965,37.631957,2704,9,1,9,0,2,0,3,0
1,"대공원",127.006474,37.435724,13018,13,4,15,0,6,1,1,0
1,"대림",126.899438,37.4955091,86960,451,256,396,81,89,62,49,4
1,"대모산입구",127.072702,37.491347,7167,34,34,40,13,42,18,21,0
1,"대방",126.926392,37.512537,31578,157,112,139,31,85,28,37,10
1,"대성리",127.376729,37.6805595,2180,24,3,23,0,0,0,3,12
1,"대야미",126.91716,37.328304,7832,41,26,47,3,12,2,4,1
1,"대청",127.079526,37.493601,19523,117,76,106,35,47,23,22,0
1,"대치",127.063446,37.494569,24050,127,91,121,27,156,60,30,0
1,"대화",126.7477558,37.6758831,27004,268,125,168,43,63,41,44,12
1,"대흥",126.942332,37.547674,17280,310,174,224,26,101,33,49,5
1,"덕계",127.056676,37.81876,4254,12,8,17,0,13,0,2,0
1,"덕소",127.208547,37.587199,13159,160,103,165,20,55,44,36,4
1,"덕정",127.061511,37.843216,14198,147,88,123,18,23,20,17,3
1,"도곡",127.0556945,37.49106,26982,60,60,63,16,55,44,34,0
1,"도농",127.161105,37.608756,17378,109,100,131,13,76,33,38,1
1,"도림천",126.882624,37.51446,2198,101,67,90,10,48,14,22,1
1,"도봉",127.045521,37.679441,13086,157,74,111,24,23,26,19,5
1,"도봉산",127.0461945,37.689596,33777,104,29,69,13,11,11,3,2
1,"도심",127.222798,37.579628,4926,65,44,72,8,42,11,21,2
1,"도원",126.642824,37.468604,8400,355,282,451,46,46,32,35,39
1,"도화",126.6684603,37.4661538,7363,170,166,267,28,39,17,51,13
1,"독립문",126.957918,37.574453,15923,153,79,144,14,45,44,27,14
1,"독바위",126.933037,37.618387,6095,105,71,129,8,43,17,26,0
1,"독산",126.8895083,37.4659942,32469,84,92,121,12,39,8,24,6
1,"돌곶이",127.056403,37.610493,18637,434,276,489,34,70,75,31,24
1,"동대문",127.0087664,37.5709391,87016,640,228,714,69,62,130,88,64
1,"동대문역사문화공원",127.007765,37.565102,92371,667,389,850,79,66,77,111,68
1,"동대입구",127.005316,37.558126,25108,403,316,459,58,62,91,69,23
1,"동두천",127.054992,37.926664,5208,33,18,22,0,7,1,3,2
1,"동두천중앙",127.056409,37.901673,7924,385,214,454,31,38,63,37,25
1,"동묘앞",127.016008,37.572729,38869,511,243,690,67,83,73,96,58
1,"동암",126.702884,37.470869,47471,462,371,505,102,75,60,91,33
1,"동인천",126.632598,37.475414,37552,555,264,699,71,90,82,39,55
1,"동작",126.9790995,37.503062,9365,15,14,18,4,4,5,3,0
1,"두정",127.148905,36.833791,13295,127,106,146,16,66,22,64,6
1,"둔촌동",127.136231,37.527657,26148,412,320,380,76,161,62,112,6
1,"등촌",126.8645185,37.551303,20616,289,212,240,49,121,64,80,1
1,"디지털미디어시티",126.9004205,37.5779636,56552,284,109,118,20,34,26,25,3
1,"뚝섬",127.04731,37.54724,33021,303,177,215,34,62,33,51,7
1,"뚝섬유원지",127.066691,37.531537,19063,218,194,289,40,101,46,76,2
1,"마곡",126.826919,37.5619185,7268,8,6,4,0,10,3,5,0
1,"마곡나루",126.8271565,37.566876,4792,22,25,22,2,20,3,8,0
1,"마두",126.777641,37.652185,17230,114,100,110,35,73,58,45,3
1,"마들",127.057614,37.665375,23577,54,38,46,14,93,23,18,0
1,"마석",127.31168,37.652797,7513,155,91,144,24,24,40,19,5
1,"마장",127.042965,37.566127,12498,237,126,257,16,36,31,39,16
1,"마천",127.15279,37.49502,11044,249,168,225,43,59,56,47,2
1,"마포",126.94604,37.539705,29696,327,138,162,52,80,56,60,6
1,"마포구청",126.903472,37.563418,25794,215,185,239,31,85,34,40,1
1,"망우",127.092882,37.598603,16756,428,241,352,70,94,63,52,47
1,"망원",126.9012821,37.5559772,26198,360,211,267,36,68,53,44,1
1,"망월사",127.04736,37.710499,17696,147,86,175,26,61,15,29,3
1,"망포",127.0573667,37.2457927,23206,127,82,129,30,87,24,33,1
1,"매교",127.015657,37.265502,5417,273,356,494,42,72,47,87,23
1,"매봉",127.046918,37.487035,22877,214,163,218,37,62,42,73,1
1,"매탄권선",127.040459,37.252951,8388,159,146,187,21,94,26,36,0
1,"먹골",127.077707,37.61078,20901,305,227,316,50,86,60,49,6
1,"면목",127.087494,37.588745,31661,457,361,511,74,92,68,64,16
1,"명동",126.9861868,37.5609892,86705,791,436,589,72,48,101,82,107
1,"명일",127.144014,37.55131,16672,257,212,217,55,122,70,54,2
1,"명학",126.9305068,37.3900837,20798,331,243,338,62,75,46,85,60
1,"모란",127.129064,37.432124,56293,412,328,496,117,105,56,113,41
1,"목동",126.864301,37.526072,38198,374,238,354,72,170,71,60,4
1,"몽촌토성",127.11274,37.517641,13416,235,93,119,59,47,36,43,56
1,"무악재",126.950134,37.582634,8495,77,56,59,8,35,24,14,1
1,"문래",126.8993953,37.5169837,37794,446,225,441,69,81,95,57,39
1,"문산",126.7875312,37.8545648,12818,234,119,221,33,55,41,36,23
1,"문정",127.1238462,37.4851331,15248,274,204,287,47,103,37,81,0
1,"미금",127.108952,37.350078,41005,176,107,127,48,77,35,45,1
1,"미아",127.026132,37.626394,37443,321,176,252,43,58,64,20,17
1,"미아사거리",127.030084,37.613251,66218,457,268,453,44,107,84,48,30
1,"반월",126.903684,37.312244,10060,46,26,45,5,24,8,14,1
1,"반포",127.011847,37.508213,12692,110,121,125,19,78,41,43,2
1,"발산",126.837595,37.558683,24011,174,91,107,30,74,33,38,2
1,"방배",126.997638,37.481512,42248,264,268,310,58,138,75,134,6
1,"방이",127.12596,37.508559,14361,261,148,170,42,158,51,42,0
1,"방학",127.044295,37.66747,20358,322,184,283,46,56,44,39,2
1,"방화",126.812826,37.577622,14736,157,96,109,38,62,37,27,3
1,"배방",127.052751,36.77754,2000,70,23,58,12,20,16,17,4
1,"백마",126.7944,37.658346,12800,99,80,159,16,72,26,29,1
1,"백석",126.788109,37.642973,22361,378,186,230,79,62,40,63,11
1,"백양리",127.6124,37.827688,432,5,1,6,0,0,0,0,8
1,"백운",126.707179,37.483301,18427,145,122,166,27,48,26,26,2
1,"버티고개",127.0071227,37.5478919,4867,96,101,127,14,35,25,24,3
1,"범계",126.950627,37.389854,61528,175,155,199,57,129,66,87,6
1,"별내",127.127208,37.64222,4654,53,18,23,7,6,9,7,2
1,"병점",127.033268,37.206821,31766,134,128,145,29,56,43,51,8
1,"보라매",126.920282,37.499929,19212,270,190,233,34,103,48,37,6
1,"보문",127.019391,37.585331,16265,416,241,366,39,83,53,67,11
1,"보산",127.057134,37.914268,3802,213,115,226,17,19,20,11,14
1,"보정",127.108219,37.31274,5162,22,38,59,2,18,7,10,0
1,"복정",127.126685,37.470375,16797,38,37,64,3,3,7,17,0
1,"봉명",127.136319,36.801578,2765,340,267,450,67,69,49,49,5
1,"봉은사",127.060266,37.514221,23299,264,132,134,25,26,49,54,3
1,"봉천",126.941574,37.482476,45484,431,369,508,67,144,87,122,4
1,"봉화산",127.0910404,37.6171418,18086,22,21,28,3,35,11,11,0
1,"부개",126.740549,37.488479,20777,366,319,417,47,88,49,59,5
1,"부천",126.7827787,37.4840664,84554,783,414,740,164,126,121,98,147
1,"부천시청",126.763602,37.504669,25070,150,93,125,63,69,57,64,6
1,"부천종합운동장",126.797498,37.505452,10606,34,27,54,4,4,0,1,0
1,"부평",126.7236421,37.4903861,82857,705,412,732,159,133,151,114,137
1,"부평구청",126.72091,37.508073,21324,247,169,266,50,82,37,60,6
1,"불광",126.9298435,37.6105025,52808,332,157,270,40,75,71,46,30
1,"사가정",127.088503,37.580966,31948,415,267,417,60,99,42,30,10
1,"사당",126.981633,37.476559,149861,448,290,371,83,124,64,112,15
1,"사릉",127.176839,37.651145,6985,80,47,84,9,11,14,12,3
1,"사평",127.014759,37.504448,5337,167,149,156,32,95,41,55,1
1,"산본",126.932969,37.358019,38403,126,123,144,54,136,77,66,12
1,"산성",127.150057,37.456639,14593,104,109,155,14,40,18,20,0
1,"삼각지",126.9734515,37.5350315,24719,218,119,172,22,24,16,52,8
1,"삼산체육관",126.742024,37.506483,10585,82,59,87,23,55,25,26,3
1,"삼성",127.063149,37.508861,114226,363,138,161,38,56,60,70,5
1,"삼성중앙",127.0528466,37.5127824,9128,356,199,201,38,47,55,92,9
1,"삼송",126.895559,37.653096,25735,95,41,78,3,16,11,37,1
1,"상갈",127.108718,37.261797,10195,55,43,71,7,29,5,16,2
1,"상계",127.0730618,37.6748028,42303,10,10,29,2,2,1,0,0
1,"상도",126.947753,37.503072,22285,258,167,219,21,129,60,61,5
1,"상동",126.753147,37.505802,28458,175,153,187,65,90,53,81,11
1,"상록수",126.8665333,37.3028447,42674,186,183,270,81,63,45,75,12
1,"상봉",127.0858527,37.5952536,45741,377,254,361,70,78,56,50,48
1,"상수",126.9244174,37.5454728,23849,527,197,244,40,57,33,43,6
1,"상왕십리",127.028872,37.5645,21090,382,226,360,55,94,76,75,43
1,"상월곡",127.048862,37.6066,12253,189,116,195,16,47,23,14,3
1,"상일동",127.169184,37.5570545,20085,55,32,40,9,24,9,12,0
1,"상천",127.4542002,37.770405,960,8,1,8,1,0,0,1,1
1,"새절",126.913582,37.591014,27033,391,214,298,47,96,72,31,12
1,"샛강",126.928873,37.516737,10402,128,94,122,33,58,41,43,7
1,"서강대",126.935389,37.552132,4519,687,280,402,87,164,93,79,90
1,"서대문",126.96665,37.56577,34990,459,197,274,41,68,75,63,12
1,"서동탄",127.051893,37.195675,3105,52,37,82,4,26,10,21,0
1,"서빙고",126.988358,37.51961,4576,17,26,44,3,5,7,14,1
1,"서울",126.9696195,37.5536067,175689,390,208,378,43,72,74,62,47
1,"서울대입구",126.952712,37.48121,104566,624,404,561,98,156,110,141,36
1,"서울숲",127.0445665,37.5431275,12749,240,113,154,25,61,25,53,5
1,"서정리",127.053294,37.057003,10625,189,147,219,22,38,31,53,15
1,"서초",127.007688,37.49184,45508,383,227,192,71,83,58,108,5
1,"서현",127.123249,37.384931,53658,126,86,117,40,64,65,52,13
1,"석계",127.0657675,37.6150815,50411,256,136,254,44,66,45,14,4
1,"석수",126.902233,37.435161,22376,51,63,87,10,36,11,15,0
1,"석촌",127.106981,37.505438,18499,417,254,284,88,168,95,95,2
1,"선릉",127.048941,37.504479,126094,598,458,512,150,248,133,285,33
1,"선바위",127.002164,37.451854,16587,38,27,69,4,6,2,10,0
1,"선유도",126.89391,37.537855,13257,243,165,195,39,53,33,45,13
1,"선정릉",127.0438167,37.5102747,29188,502,458,486,96,112,77,186,14
1,"성균관대",126.97086,37.300344,31894,263,151,209,44,86,39,57,2
1,"성수",127.055957,37.544603,52516,273,211,263,35,36,42,42,9
1,"성신여대입구",127.016544,37.59272,52476,582,285,488,60,140,93,68,23
1,"성환",127.126936,36.916675,9866,221,99,179,19,26,45,19,5
1,"세류",127.0137721,37.2441023,8353,95,76,104,19,19,6,21,23
1,"세마",127.043279,37.187288,5019,40,18,31,1,13,1,8,2
1,"소래포구",126.733533,37.400963,11002,183,111,180,33,64,24,49,15
1,"소사",126.795654,37.482755,26259,263,169,357,31,39,35,32,34
1,"소요산",127.060681,37.947099,8854,47,15,38,2,1,0,3,3
1,"송내",126.753045,37.487626,66600,221,166,251,68,64,40,64,8
1,"송도",126.654485,37.429714,6177,152,92,151,16,40,20,21,0
1,"송정",126.791535,35.137559,19580,274,146,304,34,36,32,23,34
1,"송탄",127.054377,37.075533,9826,393,220,582,46,40,64,55,50
1,"송파",127.112201,37.499739,10741,251,176,212,58,135,67,48,1
1,"수내",127.114216,37.378435,27312,126,101,151,32,63,44,44,3
1,"수락산",127.055293,37.677881,28456,201,109,161,32,59,23,23,3
1,"수리산",126.925537,37.350297,8568,21,22,31,2,41,11,16,0
1,"수색",126.895681,37.580855,4671,286,94,122,21,28,30,20,5
1,"수서",127.1013245,37.4874685,42153,50,29,30,11,24,17,14,1
1,"수원",126.9994077,37.2664398,110452,308,203,308,79,72,43,55,102
1,"수원시청",127.030736,37.261941,22011,521,271,409,148,86,71,120,109
1,"수유",127.0247325,37.6371095,91194,638,249,405,156,53,86,39,56
1,"수진",127.1410201,37.4376114,9985,696,599,1037,160,155,115,132,256
1,"숙대입구",126.971987,37.545097,35114,472,255,362,60,74,56,54,28
1,"숭실대입구",126.953504,37.496374,31634,166,78,109,21,53,31,28,1
1,"시청",126.9768616,37.5657037,102094,648,223,395,49,58,116,73,34
1,"신갈",127.111311,37.286127,8968,105,63,89,16,58,19,33,2
1,"신금호",127.020794,37.554468,11410,232,174,292,27,84,54,49,9
1,"신길",126.9164095,37.517346,26056,258,151,293,48,44,33,34,48
1,"신길온천",126.767306,37.337488,3426,44,41,70,7,11,1,11,0
1,"신내",127.1032958,37.6126681,1478,38,34,39,3,16,7,3,0
1,"신논현",127.02538,37.504724,57866,686,425,412,126,148,130,129,22
1,"신답",127.04701,37.569889,2870,182,138,285,24,66,45,40,14
1,"신당",127.019468,37.565671,47597,548,236,698,72,61,69,90,35
1,"신대방",126.913282,37.487519,55295,328,260,311,64,84,77,57,13
1,"신대방삼거리",126.928189,37.499717,31290,297,247,360,54,147,86,62,5
1,"신도림",126.891336,37.508562,133056,247,116,199,51,96,31,47,10
1,"신림",126.9383251,37.4626176,144376,102,64,69,9,50,7,8,0
1,"신목동",126.883077,37.544267,7601,38,32,43,1,16,3,10,2
1,"신반포",126.996017,37.503487,6850,135,95,111,25,63,41,40,6
1,"신방화",126.8168089,37.5669701,15734,288,178,215,32,93,32,39,4
1,"신사",127.0202619,37.5164064,65468,639,422,465,107,121,109,109,19
1,"신설동",127.0248495,37.575326,40113,439,241,466,64,83,60,76,56
1,"신용산",126.967886,37.529187,27398,193,85,148,16,14,20,42,13
1,"신원",127.372745,37.52592,511,3,0,1,0,0,0,0,0
1,"신이문",127.067347,37.601829,18644,194,166,264,26,67,41,36,12
1,"신정",126.856164,37.524977,26170,444,386,597,92,160,76,78,9
1,"신정네거리",126.852796,37.520209,21267,316,274,381,63,108,58,58,9
1,"신중동",126.77596,37.503052,28441,352,219,309,123,107,97,92,3
1,"신창",126.950129,36.769213,4375,4,1,9,0,0,0,0,0
1,"신촌",126.942308,37.559768,105671,636,255,359,79,87,81,50,57
1,"신풍",126.908969,37.50013,22847,247,140,263,36,62,38,22,19
1,"신흥",127.147493,37.440949,10846,706,582,970,159,155,117,122,319
1,"쌍문",127.0304855,37.6522545,63364,242,200,327,30,112,61,41,3
1,"쌍용",127.120118,36.792905,5376,319,164,267,47,115,47,64,0
1,"아산",127.104708,36.793231,5057,20,10,18,5,6,7,8,0
1,"아신",127.443096,37.513498,1802,17,1,10,1,1,0,13,3
1,"아차산",127.089107,37.552404,29437,328,314,530,80,157,79,93,14
1,"아현",126.956083,37.557382,19950,265,164,369,16,64,56,54,9
1,"안국",126.985472,37.576556,56000,864,196,585,44,80,57,46,90
1,"안산",126.788748,37.327006,34407,288,158,241,97,23,24,41,7
1,"안암",127.0213534,37.5858384,27828,420,238,369,41,71,58,64,9
1,"안양",126.9220496,37.4026846,57364,519,308,506,148,144,111,82,57
1,"암사",127.127519,37.550148,32964,391,326,428,80,152,63,121,13
1,"압구정",127.0302926,37.531684,73851,127,87,107,20,56,88,21,1
1,"압구정로데오",127.040555,37.527385,30723,490,393,439,42,61,153,54,3
1,"애오개",126.956739,37.55359,13767,317,173,353,24,56,65,63,11
1,"야당",126.7615354,37.7127491,5809,50,28,116,1,21,1,20,0
1,"야탑",127.128661,37.41132,57562,254,156,195,66,91,47,72,4
1,"약수",127.010444,37.554431,35796,285,226,354,49,78,84,54,11
1,"양수",127.328948,37.545998,4337,41,10,19,1,3,1,11,2
1,"양원",127.108067,37.606639,4032,81,71,101,5,27,9,10,6
1,"양재",127.034369,37.484102,84534,390,221,276,73,101,89,114,7
1,"양정",127.194602,37.604269,1654,8,12,45,0,0,1,1,0
1,"양주",127.044782,37.773956,17786,7,5,10,0,0,0,0,0
1,"양천구청",126.865633,37.512322,14723,57,46,54,11,50,22,9,0
1,"양천향교",126.841909,37.568105,14761,90,70,81,16,32,13,19,0
1,"양평",127.492149,37.492778,20244,299,167,294,47,60,44,39,15
1,"어린이대공원",127.074593,37.547905,33281,383,212,282,85,96,36,61,40
1,"언주",127.0344101,37.5073091,14519,609,519,581,103,101,107,185,28
1,"여의나루",126.93281,37.527141,24120,37,19,29,3,5,11,15,0
1,"여의도",126.9243115,37.5215695,84914,99,74,83,20,23,37,35,2
1,"역곡",126.8116223,37.4851398,60055,350,266,408,75,118,84,86,19
1,"역삼",127.036087,37.500326,94049,796,506,573,139,185,122,245,54
1,"역촌",126.9211966,37.607751,8364,406,277,385,41,118,62,48,12
1,"연수",126.678473,37.41736,9252,598,264,416,146,129,60,68,7
1,"연신내",126.920842,37.618812,82309,618,299,507,107,167,117,73,25
1,"염창",126.874839,37.546965,30750,174,139,168,37,78,41,56,10
1,"영등포",126.9071288,37.5154133,106285,572,262,578,105,96,89,71,101
1,"영등포구청",126.8959946,37.5248203,49474,604,299,500,64,96,70,85,23
1,"영등포시장",126.9049865,37.521638,17185,708,400,910,109,113,110,98,103
1,"영통",127.07134,37.251521,18069,264,125,162,51,113,46,58,14
1,"오금",127.128354,37.5022335,20351,199,188,224,33,89,36,48,0
1,"오류동",126.844551,37.4944,23413,201,170,264,41,89,46,43,24
1,"오리",127.108985,37.339832,27341,99,83,102,26,59,28,49,2
1,"오목교",126.87505,37.524553,52025,251,162,203,44,136,60,47,2
1,"오빈",127.474053,37.50606,705,14,8,19,1,1,0,6,0
1,"오산",127.067125,37.14581,20391,368,246,461,60,49,83,36,77
1,"오산대",127.0600685,37.1703135,5894,99,32,56,7,25,3,13,0
1,"오이도",126.738626,37.362241,16842,36,25,43,7,40,6,18,0
1,"옥수",127.018698,37.540514,20827,93,88,96,10,51,23,43,2
1,"온수",126.8236345,37.4921505,35876,85,66,95,10,25,8,22,1
1,"온양온천",127.0037072,36.7804187,10451,668,292,561,72,93,92,41,79
1,"올림픽공원",127.13109,37.516628,14258,16,9,12,2,13,4,4,0
1,"왕십리",127.035505,37.5611284,84486,541,260,362,79,111,86,83,45
1,"외대앞",127.059615,37.595518,24590,440,204,273,55,68,66,42,16
1,"용답",127.050835,37.56217,5154,229,154,257,30,46,45,30,10
1,"용두",127.038653,37.573927,4665,274,153,357,33,42,113,42,25
1,"용마산",127.086818,37.573793,12548,207,158,255,27,64,21,22,9
1,"용문",127.594471,37.482468,6825,162,80,144,16,26,24,20,8
1,"용산",126.9654442,37.5384272,79474,464,286,631,68,76,58,73,13
1,"우장산",126.836334,37.548783,31594,204,181,211,33,163,61,54,0
1,"운길산",127.310089,37.554659,2490,15,1,19,0,1,0,0,0
1,"운서",126.493844,37.492764,10944,59,38,45,12,22,7,22,13
1,"운정",126.767152,37.725402,9372,58,39,76,11,11,6,22,0
1,"원당",126.843006,37.653328,24202,172,126,177,49,67,41,43,4
1,"원덕",127.547468,37.468585,863,1,0,2,0,0,0,1,0
1,"원인재",126.6871295,37.412757,9345,175,64,103,35,53,19,20,1
1,"원흥",126.873239,37.650709,11535,57,9,15,1,1,0,7,0
1,"월계",127.058835,37.633114,11653,82,45,71,15,32,21,11,1
1,"월곡",127.04153,37.601925,25132,228,125,201,29,63,40,40,12
1,"월곶",126.742693,37.391813,5118,98,40,67,36,41,14,29,33
1,"월드컵경기장",126.899058,37.569656,16116,67,61,60,7,44,10,19,0
1,"월롱",126.792602,37.795549,4839,29,12,15,2,0,1,10,1
1,"을지로3가",126.9917735,37.566286,58976,1110,741,1217,136,107,116,110,107
1,"을지로4가",126.9978305,37.5670145,36059,933,802,1547,89,73,128,99,67
1,"을지로입구",126.982662,37.566056,102838,951,329,556,109,106,151,94,78
1,"응봉",127.0348241,37.5504328,3827,39,35,58,3,34,11,13,0
1,"응암",126.915592,37.598472,35021,389,262,322,51,145,80,41,4
1,"의왕",126.948099,37.320648,16899,207,98,206,33,69,32,35,5
1,"의정부",127.0458908,37.7387295,49671,900,577,931,217,157,152,137,134
1,"이대",126.945857,37.556761,45201,474,289,381,47,82,72,69,48
1,"이매",127.128272,37.395846,10893,60,55,76,9,51,19,24,0
1,"이촌",126.9738155,37.5224761,28585,64,39,62,8,42,28,29,0
1,"이태원",126.994579,37.534533,35310,686,228,539,50,41,38,60,27
1,"인덕원",126.976384,37.400807,50406,280,147,209,71,59,48,60,16
1,"인천",126.616936,37.476364,9225,194,63,119,9,10,8,7,10
1,"인천국제공항",126.4524015,37.4475135,26825,1,1,1,1,0,1,0,1
1,"인천논현",126.722495,37.400641,11875,184,81,146,23,65,31,39,2
1,"일산",126.77004,37.681997,18670,275,180,292,54,137,56,43,18
1,"일원",127.084032,37.483869,18970,38,16,16,17,21,13,9,1
1,"잠실",127.1001336,37.5132612,191377,79,44,49,11,21,32,22,3
1,"잠실나루",127.103822,37.520661,35118,33,27,28,5,13,25,17,0
1,"잠실새내",127.085585,37.511624,53231,341,156,176,97,106,61,59,23
1,"잠원",127.011611,37.51296,11269,188,139,142,44,73,34,52,8
1,"장승배기",126.939191,37.504905,21345,277,218,324,46,149,74,84,12
1,"장암",127.052276,37.699655,3667,24,17,57,1,7,0,5,0
1,"장지",127.126274,37.477699,28651,92,60,75,18,49,18,32,0
1,"장한평",127.064657,37.561472,37066,256,319,438,44,55,37,57,18
1,"정발산",126.7732889,37.6596496,19282,101,89,98,74,56,55,62,9
1,"정부과천청사",126.9898051,37.426119,24199,51,47,64,20,49,30,19,2
1,"정왕",126.742844,37.351816,19589,231,156,229,45,30,16,71,0
1,"정자",127.108265,37.366766,34621,196,158,213,43,79,52,62,7
1,"제기동",127.034895,37.578162,39037,365,174,555,40,79,227,69,30
1,"제물포",126.657165,37.466809,19144,231,190,281,40,69,36,36,23
1,"종각",126.983099,37.570169,91385,958,234,462,106,123,116,71,88
1,"종로3가",126.9912475,37.5715,117585,1004,339,1000,98,124,85,82,111
1,"종로5가",127.001921,37.570988,54276,732,357,1166,62,55,139,66,56
1,"종합운동장",127.073774,37.511051,43435,104,40,42,22,20,23,20,11
1,"주안",126.6807024,37.4650414,56657,526,308,451,146,131,73,135,76
1,"주엽",126.7611005,37.670186,19434,87,79,106,30,106,58,54,2
1,"죽전",127.1264906,37.3290605,36767,112,67,110,35,81,26,44,2
1,"중계",127.063907,37.645494,30885,56,51,51,13,66,32,23,0
1,"중곡",127.084086,37.565535,19968,373,291,502,60,116,70,69,11
1,"중동",126.764474,37.486664,19955,295,218,404,42,89,67,63,3
1,"중랑",127.076152,37.594948,11909,455,285,471,96,72,51,50,21
1,"중앙",126.838532,37.316055,36015,202,175,221,80,117,66,78,30
1,"중화",127.079285,37.602572,22898,405,289,482,63,113,61,47,7
1,"증미",126.860606,37.558129,14388,158,129,137,19,64,27,49,1
1,"증산",126.909686,37.583933,20631,257,164,194,34,81,51,21,3
1,"지제",127.070269,37.018822,2031,6,16,38,0,1,1,7,0
1,"지축",126.913746,37.648114,2721,6,8,19,0,7,1,1,0
1,"지행",127.055734,37.892361,14807,158,115,146,27,84,23,45,5
1,"직산",127.143774,36.870921,2100,11,14,34,0,0,2,2,3
1,"진위",127.062342,37.109771,3197,17,21,28,1,2,4,4,1
1,"창동",127.047574,37.653454,62770,127,77,125,24,96,41,25,3
1,"창신",127.015281,37.579361,6302,247,188,285,23,80,42,43,17
1,"천마산",127.2857308,37.6589954,2471,51,29,101,2,12,3,13,1
1,"천안",127.146561,36.809084,17414,390,260,488,83,39,51,31,116
1,"천왕",126.838681,37.486686,15866,76,67,97,8,53,15,27,0
1,"천호",127.1256452,37.5439937,83370,450,290,366,76,92,82,94,55
1,"철산",126.8682506,37.4759465,49392,191,140,194,62,117,57,58,9
1,"청구",127.0131005,37.5591145,15869,469,303,542,75,104,99,86,23
1,"청담",127.051937,37.51912,45184,242,235,263,40,95,93,80,8
1,"청라국제도시",126.6245342,37.5563477,9215,2,0,1,0,0,0,0,0
1,"청량리",127.048958,37.581381,92843,428,187,434,51,72,58,38,54
1,"청명",127.0790738,37.2595832,8096,86,51,83,13,67,21,23,1
1,"청평",127.4204344,37.7382231,5003,142,69,112,9,28,27,27,19
1,"초지",126.806151,37.320583,8852,20,18,34,6,7,5,6,0
1,"총신대입구",126.981876,37.486491,81550,522,406,523,68,152,100,122,10
1,"춘의",126.787079,37.50371,16226,268,223,368,44,32,26,34,2
1,"춘천",127.7169845,37.8849671,4714,33,26,47,2,9,1,3,4
1,"충무로",126.9935287,37.5609739,67600,753,651,641,79,58,74,72,62
1,"충정로",126.963672,37.560055,33525,414,195,363,38,66,65,57,23
1,"탄현",126.761161,37.693882,15139,135,126,225,44,73,40,37,7
1,"태릉입구",127.0750345,37.6179085,28975,349,249,284,51,76,66,42,10
1,"태평",127.128035,37.439854,29010,450,397,561,99,137,89,104,77
1,"퇴계원",127.143858,37.648316,6589,132,87,146,11,66,27,25,6
1,"파주",126.792426,37.81539,2861,8,5,11,0,0,0,3,0
1,"팔당",127.243813,37.547376,1734,25,5,11,0,0,1,1,0
1,"평내호평",127.244452,37.653229,11425,271,120,193,24,68,26,52,3
1,"평촌",126.96388,37.394346,31184,98,80,114,33,57,32,49,12
1,"평택",127.084981,36.991145,28909,589,303,654,94,64,118,70,58
1,"풍산",126.786355,37.672173,8997,255,119,205,20,54,9,28,1
1,"하계",127.068213,37.63595,40121,97,57,58,7,47,25,15,0
1,"학동",127.031593,37.514236,45504,462,461,542,85,67,85,133,9
1,"학여울",127.070549,37.496683,6410,31,28,34,6,40,19,12,0
1,"한강진",127.001736,37.539518,14180,235,104,181,18,20,17,24,4
1,"한남",127.008984,37.529361,8930,200,137,190,37,28,31,55,9
1,"한대앞",126.853656,37.309685,19325,188,135,239,46,62,32,50,7
1,"한성대입구",127.005907,37.588374,33283,407,150,336,42,91,81,43,6
1,"한양대",127.0436832,37.5556003,25015,175,66,98,30,27,12,14,5
1,"한티",127.052883,37.496208,29022,266,239,307,52,276,106,108,0
1,"합정",126.9101219,37.5463089,93912,227,110,116,18,18,20,25,6
1,"행당",127.029637,37.557402,15819,227,164,242,33,112,67,53,3
1,"행신",126.834059,37.611846,14644,123,80,103,35,50,22,38,2
1,"혜화",127.001892,37.58208,88716,516,101,227,62,69,44,33,7
1,"호구포",126.708682,37.401622,6555,45,37,64,12,17,8,16,2
1,"홍대입구",126.9244669,37.557527,179168,1134,413,587,81,190,79,96,46
1,"홍제",126.944094,37.588792,39806,307,136,205,29,95,74,26,12
1,"화곡",126.840436,37.541578,56268,348,267,367,82,145,93,75,7
1,"화랑대",127.084244,37.620513,23251,204,123,146,24,78,34,32,4
1,"화서",126.989581,37.28399,17301,97,59,72,14,42,13,18,1
1,"화전",126.867937,37.60327,4901,43,37,76,3,3,1,5,2
1,"화정",126.832645,37.63459,40789,228,176,224,79,116,57,69,9
1,"회기",127.057977,37.589756,60347,435,173,293,53,95,55,49,15
1,"회룡",127.0472035,37.724522,26540,172,144,207,28,133,47,51,2
1,"회현",126.9707878,37.5547125,61708,434,225,398,49,66,76,69,50
1,"효창공원앞",126.961339,37.539289,14805,431,269,619,69,76,55,69,10
1,"흑석",126.9634769,37.5090394,21832,200,81,102,16,31,28,24,6
2,"각산",128.7244,35.868029,8578,189,122,180,26,89,27,33,1
2,"감삼",128.548097,35.854337,15189,500,299,436,85,99,68,59,5
2,"강창",128.4780687,35.853091,9362,106,36,54,19,25,4,7,0
2,"건들바위",128.599639,35.855428,2647,275,279,380,23,61,51,29,4
2,"경대병원",128.603393,35.863096,13716,633,292,512,46,70,105,56,14
2,"계명대",128.491969,35.851484,16268,301,150,189,81,53,13,29,0
2,"고산",128.693151,35.842948,4986,129,107,161,16,49,27,24,0
2,"공단",128.5534645,35.8921571,2358,99,129,169,8,2,3,8,4
2,"교대",128.590381,35.85173,9199,396,227,372,52,90,66,34,9
2,"구암",128.550419,35.925771,5003,371,193,340,69,45,46,27,2
2,"남산",128.583371,35.856711,6042,434,260,432,59,93,43,35,13
2,"내당",128.564662,35.860151,9687,384,207,332,67,58,50,64,14
2,"다사",128.458297,35.864954,4543,92,44,85,5,31,8,13,0
2,"달성공원",128.581991,35.874646,2924,265,233,584,24,23,64,20,36
2,"담티",128.6535776,35.8547654,6976,178,95,140,23,59,15,16,1
2,"대곡",128.512584,35.809497,17847,142,117,141,29,72,22,35,2
2,"대공원",128.679992,35.842749,3104,2,7,24,1,0,1,2,0
2,"대구역",128.596213,35.87646,19384,447,251,922,54,62,63,37,55
2,"대구은행",128.613918,35.859794,13697,404,213,349,37,126,69,74,0
2,"대명",128.565482,35.839302,8783,328,217,324,48,40,61,26,16
2,"대봉교",128.6062799,35.8549844,6582,302,278,340,25,92,42,41,1
2,"대실",128.465617,35.857348,12776,138,72,105,18,64,24,21,0
2,"동대구역",128.628476,35.879667,27742,252,204,254,49,30,35,55,100
2,"동천",128.5566291,35.937755,3949,291,154,204,48,136,51,42,7
2,"동촌",128.65015,35.886159,4052,184,98,170,20,14,12,22,19
2,"두류",128.5558608,35.8570894,18687,454,204,313,78,86,58,68,26
2,"만촌",128.644833,35.858927,8965,293,161,305,37,122,34,42,4
2,"만평",128.5610035,35.8897976,4217,369,226,406,51,23,62,16,40
2,"매천",128.543391,35.912743,4239,101,77,129,11,30,18,15,5
2,"매천시장",128.545773,35.904473,1688,61,47,104,7,14,4,8,2
2,"명덕",128.5899982,35.8569426,15029,374,294,430,52,103,57,39,15
2,"문양",128.437867,35.8641,5864,13,2,1,1,0,0,0,0
2,"반고개",128.573368,35.862402,9255,388,217,450,56,53,79,32,16
2,"반야월",128.713574,35.865982,4970,99,94,116,10,24,18,17,1
2,"반월당",128.5931875,35.8651335,71696,1000,457,832,97,140,204,70,30
2,"방촌",128.670183,35.879702,6874,227,143,234,39,61,40,25,6
2,"범물",128.6400593,35.8208258,8089,291,158,250,53,120,56,33,1
2,"범어",128.630883,35.8588249,16451,408,165,247,38,130,71,69,7
2,"북구청",128.583249,35.884672,6544,319,161,273,32,45,41,33,8
2,"사월",128.715636,35.836989,9082,155,101,186,17,79,29,38,1
2,"상인",128.537878,35.818966,26571,357,184,228,46,127,64,46,2
2,"서문시장",128.582254,35.869761,17008,363,248,651,21,46,106,33,38
2,"성당못",128.557418,35.837471,20932,511,281,451,100,39,76,49,19
2,"성서산업단지",128.506475,35.851826,12242,251,151,214,97,99,64,40,6
2,"송현",128.551756,35.831079,8151,477,375,511,83,79,55,72,3
2,"수성구민운동장",128.624864,35.852691,3958,346,165,267,35,63,52,66,6
2,"수성구청",128.63056,35.858989,10260,420,170,254,39,128,76,75,8
2,"수성못",128.623212,35.831374,5215,452,199,277,55,48,22,38,20
2,"수성시장",128.6159746,35.8543268,5297,403,279,416,35,120,74,75,4
2,"신기",128.70169,35.866746,8271,287,162,219,40,87,45,50,1
2,"신남",128.582292,35.8641864,15039,269,204,395,12,60,57,29,6
2,"신매",128.704902,35.840887,14523,322,197,312,45,157,63,40,2
2,"신천",128.617593,35.874627,9971,276,199,292,36,80,52,53,8
2,"아양교",128.639755,35.887162,11538,269,166,282,37,51,44,20,14
2,"안심",128.733747,35.871217,13305,101,78,98,1,35,12,26,1
2,"안지랑",128.573899,35.839243,9525,368,229,318,54,65,56,42,10
2,"어린이회관",128.624482,35.845223,2655,294,139,242,40,57,23,53,25
2,"연호",128.670507,35.840376,1404,1,3,19,0,1,0,2,0
2,"영남대",128.75298,35.836364,20359,220,79,109,31,10,10,18,0
2,"영대병원",128.588251,35.844269,13356,286,158,272,37,30,55,22,22
2,"용계",128.68175,35.87623,4326,45,44,97,5,5,1,6,2
2,"용산",128.528207,35.849047,18488,205,136,177,19,78,29,38,15
2,"용지",128.64653,35.818285,4491,156,93,136,18,63,38,26,1
2,"원대",128.574283,35.887878,3379,445,169,461,56,38,72,23,21
2,"월배",128.530586,35.816276,8757,497,275,370,55,135,76,70,6
2,"월촌",128.5458331,35.823899,10357,232,207,259,29,103,38,49,0
2,"율하",128.693037,35.869577,9910,168,127,151,16,39,22,34,3
2,"이곡",128.515947,35.850608,8950,130,119,155,18,68,25,22,0
2,"임당",128.740894,35.834122,5631,59,57,92,1,9,7,6,1
2,"정평",128.728663,35.83408,8694,181,158,232,14,76,31,29,3
2,"죽전",128.538827,35.850752,12186,394,364,456,60,85,47,65,19
2,"중앙로",128.593993,35.870913,42119,1105,425,1229,117,135,201,75,68
2,"지산",128.6319542,35.8251625,4867,337,214,309,62,95,56,41,5
2,"진천",128.522591,35.813826,13838,306,218,305,48,96,50,64,2
2,"칠곡경대병원",128.559925,35.958404,2730,23,11,22,0,4,11,0,0
2,"칠곡운암",128.554583,35.931497,8045,367,211,341,49,94,70,36,7
2,"칠성시장",128.6045525,35.8760259,10905,374,178,733,37,44,54,30,30
2,"큰고개",128.634715,35.885718,8582,278,205,303,39,58,41,34,23
2,"태전",128.547507,35.919718,4357,190,138,213,50,48,31,32,7
2,"팔거",128.5582943,35.9441209,8739,220,122,172,55,101,41,37,10
2,"팔달",128.5466789,35.8977797,2130,32,32,57,1,9,6,2,1
2,"팔달시장",128.5680143,35.8887983,3995,481,186,463,70,34,93,17,37
2,"학정",128.5591507,35.9515914,711,123,57,74,8,17,9,11,0
2,"해안",128.659866,35.883526,5907,202,113,181,22,42,34,16,5
2,"현충로",128.581388,35.84091,7685,314,190,287,48,53,50,39,11
2,"황금",128.62381,35.8390772,6153,422,228,294,62,70,40,55,48
3,"가야",129.0428111,35.1558373,7289,170,124,203,18,49,39,20,6
3,"감전",128.991579,35.155312,7626,253,215,315,32,29,18,33,34
3,"강서구청",128.982014,35.211246,5600,49,46,93,7,6,9,28,2
3,"개금",129.020422,35.153323,16331,415,232,392,50,124,73,43,6
3,"거제",129.073904,35.188587,9650,450,266,356,64,71,64,124,29
3,"경성부경대",129.1008275,35.1379815,39276,604,210,325,105,85,70,76,2
3,"고촌",129.160467,35.236037,1440,111,56,132,12,12,18,3,4
3,"광안",129.11317,35.157929,21706,386,276,436,35,108,89,72,21
3,"괴정",128.9926492,35.0999452,21853,416,295,427,59,125,100,54,24
3,"교대",129.080029,35.19555,22938,267,203,287,22,87,41,58,3
3,"구남",128.994978,35.196843,9271,230,134,265,36,51,30,22,13
3,"구명",128.999557,35.202802,7456,369,180,356,64,40,48,21,53
3,"구서",129.091325,35.247305,20253,301,195,259,30,83,45,42,11
3,"구포",128.9971431,35.2054894,8458,290,135,306,43,28,38,16,62
3,"국제금융센터·부산은행",129.0667495,35.1454655,8743,361,210,472,30,56,59,52,26
3,"금곡",129.016763,35.267227,4952,102,60,74,12,27,15,8,0
3,"금련산",129.111011,35.14988,11408,363,201,320,50,75,56,50,36
3,"금사",129.115788,35.215814,3582,119,94,157,17,16,17,14,7
3,"낙민",129.090932,35.200214,3860,305,223,379,46,79,84,39,29
3,"남산",129.092299,35.265334,13976,325,197,312,45,76,43,32,0
3,"남산정",129.02402,35.213353,10168,197,128,177,34,55,28,25,0
3,"남양산",129.019466,35.325387,6380,41,18,25,6,16,5,17,3
3,"남천",129.107773,35.141929,14124,458,201,291,49,142,93,66,7
3,"남포",129.034663,35.097883,48402,851,333,961,78,28,93,81,91
3,"냉정",129.0122,35.151254,13613,303,158,284,58,64,34,25,2
3,"노포",129.094839,35.283611,34165,2,2,24,0,1,2,1,0
3,"당리",128.972459,35.1044025,12696,472,311,409,102,145,84,69,13
3,"대연",129.091886,35.135161,18767,496,268,508,63,126,122,76,32
3,"대저",128.960923,35.21322,16888,14,18,39,0,2,0,8,0
3,"대티",128.999894,35.103137,8620,217,192,296,25,51,53,35,12
3,"덕천",129.0053895,35.2105565,39632,585,237,489,75,51,101,41,48
3,"덕포",128.983794,35.173314,8503,341,263,411,84,78,45,46,16
3,"동대신",129.017927,35.110072,12284,494,312,471,37,109,84,36,10
3,"동래",129.0836402,35.2048575,46358,623,242,479,74,135,119,74,47
3,"동백",129.147944,35.16147,14656,97,62,81,10,29,21,29,21
3,"동부산대학",129.154641,35.233126,6253,213,117,222,17,30,29,7,6
3,"동원",129.0124,35.258682,3059,32,22,36,5,15,8,5,1
3,"동의대",129.032099,35.153991,14243,318,183,299,46,76,52,48,6
3,"두실",129.091429,35.257079,16146,247,179,251,43,125,46,39,8
3,"만덕",129.036399,35.212994,10890,212,119,174,44,49,38,19,1
3,"망미",129.108143,35.171593,9790,286,247,390,29,61,57,31,5
3,"명륜",129.079689,35.212553,21920,379,179,293,47,121,55,80,52
3,"명장",129.101738,35.205199,6051,373,239,371,82,63,53,29,6
3,"모덕",128.985628,35.18039,4777,113,121,203,22,31,8,26,9
3,"모라",128.988681,35.189683,9113,329,227,403,67,65,32,22,21
3,"못골",129.084263,35.134597,9475,271,182,328,32,74,78,37,22
3,"문현",129.067386,35.139125,9949,426,233,455,55,61,74,62,55
3,"물만골",129.085884,35.176488,6734,262,254,332,21,50,53,30,2
3,"미남",129.068047,35.205449,18164,390,287,476,69,108,88,76,47
3,"민락",129.12197,35.167212,5603,333,145,271,53,50,47,42,16
3,"반여농산물시장",129.124017,35.217748,3916,19,17,36,2,1,1,1,0
3,"배산",129.095523,35.173526,9361,173,186,251,32,43,44,18,0
3,"범내골",129.0592518,35.1473414,19065,498,326,558,79,83,84,85,57
3,"범어사",129.092672,35.273256,18115,234,140,204,37,58,28,19,9
3,"범일",129.059384,35.141395,36031,623,290,749,64,66,126,77,79
3,"부산",129.0422589,35.1152138,45022,507,194,330,35,28,63,54,97
3,"부산대",129.088758,35.230615,36927,647,304,563,91,125,78,70,4
3,"부산대양산캠퍼스",129.014005,35.316841,4516,16,6,7,1,5,1,5,0
3,"부산진",129.047853,35.127741,17133,335,189,327,24,48,76,28,19
3,"부암",129.050456,35.15747,10679,574,296,401,58,53,116,82,82
3,"부전",129.0601099,35.1646676,35517,517,260,603,60,67,94,111,58
3,"사상",128.988722,35.162619,49789,400,265,356,92,33,36,35,105
3,"사직",129.065222,35.198602,11102,524,319,537,87,180,100,72,16
3,"사하",128.983302,35.099785,8686,252,229,309,32,107,46,47,7
3,"서대신",129.012118,35.110891,5872,342,185,291,26,96,63,25,5
3,"서동",129.1044046,35.2151839,4778,427,305,504,73,53,74,23,31
3,"서면",129.0600331,35.1578157,143467,1447,698,1145,211,189,257,224,149
3,"석대",129.137017,35.218167,279,0,3,10,0,0,0,0,0
3,"센텀시티",129.131659,35.168921,44365,64,47,71,14,26,26,29,4
3,"수안",129.083904,35.201788,7463,615,279,523,81,122,114,70,48
3,"수영",129.1130831,35.145615,28330,372,194,308,47,126,67,49,27
3,"수정",129.009206,35.223338,12550,86,69,87,18,46,21,24,1
3,"숙등",129.013321,35.21213,7999,400,198,315,55,62,70,27,10
3,"시립미술관",129.136107,35.171587,13407,82,66,94,18,36,42,33,5
3,"시청",129.076815,35.179992,27640,618,345,514,57,68,75,132,27
3,"신평",128.960672,35.095203,18041,168,90,127,48,55,28,13,0
3,"안평",129.171813,35.237398,5645,13,7,16,0,3,0,1,0
3,"양산",129.026853,35.33853,13993,280,81,124,35,75,31,39,3
3,"양정",129.071356,35.173144,29797,534,315,498,68,128,97,112,14
3,"연산",129.0802475,35.186544,64572,804,425,547,126,85,110,164,73
3,"영산대",129.146215,35.225717,7136,243,138,215,16,28,32,9,3
3,"온천장",129.086423,35.2203,33973,548,239,418,70,53,81,61,79
3,"율리",129.012907,35.246137,9603,53,42,63,6,38,13,12,0
3,"자갈치",129.02573,35.097121,43322,1108,436,1257,93,45,146,95,123
3,"장산",129.176831,35.169916,33539,293,138,212,68,87,67,76,0
3,"장전",129.0880602,35.238099,22761,476,276,401,47,119,58,61,8
3,"전포",129.066991,35.159791,11884,583,367,698,55,96,99,97,34
3,"종합운동장",129.067864,35.191137,12483,202,159,254,28,95,36,87,2
3,"좌천",129.243854,35.311327,7482,32,39,42,2,3,6,8,0
3,"주례",129.003202,35.150519,14554,273,171,293,46,66,45,20,5
3,"중동",129.168357,35.166697,12161,341,197,256,44,45,47,69,30
3,"중앙",129.036042,35.10548,20926,593,294,492,35,41,82,41,53
3,"증산",129.0102285,35.3083079,4206,17,8,7,2,2,1,6,0
3,"지게골",129.074458,35.135611,6596,162,134,224,22,43,43,15,9
3,"체육공원",128.969503,35.212517,1890,7,13,49,1,1,0,11,0
3,"초량",129.042908,35.121016,12322,506,230,377,31,54,71,61,75
3,"충렬사",129.097634,35.199858,7475,383,240,351,82,80,62,41,10
3,"토성",129.0207895,35.0979475,19628,842,327,685,66,47,129,62,92
3,"하단",128.966749,35.106232,32111,609,310,457,105,99,79,74,31
3,"해운대",129.1769304,35.1817454,28404,23,15,22,4,23,11,8,1
3,"호포",129.01754,35.280896,2747,30,4,8,1,0,0,0,0
3,"화명",129.007644,35.234529,22038,143,63,106,28,54,34,25,11
4,"경기도청북부청사",127.071587,37.750765,2540,126,105,141,26,63,26,33,1
4,"곤제",127.083825,37.750526,1069,64,49,76,6,24,10,9,0
4,"동오",127.056958,37.74526,2061,390,274,387,68,128,63,55,62
4,"발곡",127.052889,37.726984,2350,245,152,225,40,121,52,54,5
4,"범골",127.043643,37.728788,2443,298,237,342,51,124,50,67,16
4,"새말",127.0638043,37.7488589,1537,134,132,186,30,96,27,44,1
4,"송산",127.0873043,37.7371883,1898,265,157,283,39,126,35,41,1
4,"시청",127.034846,37.739233,1460,311,229,327,60,69,32,52,9
4,"어룡",127.085206,37.742688,2657,150,90,162,22,73,22,25,1
4,"중앙",127.049643,37.743676,2953,857,517,834,175,161,158,95,123
4,"탑석",127.088908,37.733459,1260,168,117,218,29,77,22,32,1
4,"회룡",127.0331721,37.7129836,8904,1,1,0,0,0,0,0,0
4,"효자",127.07726,37.753991,684,130,97,144,16,42,26,19,1
4,"흥선",127.0371,37.743276,1654,386,289,446,50,123,40,59,6
5,"공항",126.811876,35.144079,1937,10,23,31,0,7,2,2,0
5,"광주송정",126.790981,35.137743,7542,259,131,283,32,26,29,22,34
5,"금남로4가",126.914478,35.150783,10702,893,453,1247,125,126,171,103,93
5,"금남로5가",126.910065,35.153711,4317,613,370,1077,71,71,126,69,103
5,"남광주",126.922884,35.139451,8748,282,202,338,34,41,83,30,37
5,"녹동",126.9375905,35.1057565,212,3,5,11,0,1,0,0,0
5,"농성",126.88393,35.153291,5312,334,238,370,65,48,71,65,34
5,"도산",126.787575,35.131373,2848,155,94,129,17,46,8,14,3
5,"돌고개",126.8958625,35.1518323,3519,208,148,334,30,29,45,25,10
5,"마륵",126.8393015,35.1461975,2278,122,63,94,15,28,13,37,1
5,"문화전당",126.920029,35.146426,6480,770,437,807,96,163,125,79,50
5,"상무",126.848543,35.146667,8198,266,124,176,58,60,43,84,36
5,"소태",126.932349,35.123625,3588,87,72,117,10,29,16,15,0
5,"송정공원",126.799395,35.143547,6952,176,124,243,19,27,31,12,5
5,"쌍촌",126.869562,35.151618,4897,259,214,281,58,81,45,59,7
5,"양동시장",126.901345,35.154327,5030,240,199,532,33,24,62,21,31
5,"운천",126.857215,35.1502395,6184,362,201,274,73,42,48,97,60
5,"평동",126.767974,35.12446,3808,23,10,31,1,0,0,6,0
5,"학동증심사",126.928371,35.132865,4582,186,117,223,27,47,45,28,1
5,"화정",126.8757774,35.1421934,4078,290,168,300,72,121,56,43,1
6,"갈마",127.372762,36.357554,6193,278,212,284,64,129,69,58,4
6,"갑천",127.35459,36.354679,2078,236,156,226,33,26,19,21,50
6,"구암",127.330557,36.35668,5551,368,239,408,56,28,45,75,10
6,"노은",127.317835,36.37415,8520,206,97,146,32,99,31,39,1
6,"대동",127.44297,36.329447,10226,262,149,244,34,42,43,17,9
6,"대전",127.4342,36.332344,21541,454,295,672,60,41,104,21,102
6,"반석",127.31462,36.392124,12914,181,78,104,14,58,25,33,0
6,"서대전네거리",127.412536,36.322416,14953,373,170,317,59,79,73,40,25
6,"시청",127.384547,36.350412,15929,348,197,258,114,182,122,58,27
6,"신흥",127.448481,36.319757,3779,115,75,124,15,36,14,19,1
6,"오룡",127.40506,36.32857,8518,257,178,320,29,61,36,32,8
6,"용문",127.393317,36.338252,15202,392,308,504,70,62,62,79,24
6,"월드컵경기장",127.317839,36.366866,4596,123,75,132,15,36,17,38,0
6,"월평",127.364352,36.358271,7983,345,202,303,80,74,32,42,7
6,"유성온천",127.341561,36.3537,18014,526,243,347,117,46,47,96,109
6,"정부청사",127.38115,36.357439,13302,181,129,155,68,88,76,35,20
6,"중구청",127.419627,36.324831,4917,580,244,468,66,108,90,64,52
6,"중앙로",127.425842,36.328664,14560,980,455,945,156,138,155,75,135
6,"지족",127.319501,36.384106,5836,87,40,55,9,39,14,14,0
6,"탄방",127.3951016,36.3465796,10610,481,296,529,121,168,68,65,4
6,"판암",127.458264,36.316896,8068,116,49,90,13,32,22,6,0
6,"현충원",127.321459,36.359035,4638,11,14,37,2,4,0,4,0
7,"강남대",127.126023,37.270171,2111,60,52,54,9,36,13,23,1
7,"고진",127.214168,37.244643,694,27,39,39,0,5,4,8,1
7,"김량장",127.198671,37.237293,2131,330,225,313,68,98,49,72,8
7,"동백",127.1528365,37.2690175,3038,39,30,43,13,44,9,30,0
7,"둔전",127.213619,37.267201,2608,113,73,103,19,44,13,19,0
7,"명지대",127.190298,37.238043,2404,145,112,148,18,70,24,45,0
7,"보평",127.223526,37.262406,1307,22,18,28,2,17,0,8,0
7,"삼가",127.16814,37.242103,1251,41,42,53,7,27,7,19,2
7,"시청용인대",127.178856,37.239426,2240,25,25,34,3,15,5,12,0
7,"어정",127.1437385,37.275435,1694,69,52,86,10,42,12,27,1
7,"운동장송담대",127.209046,37.23789,4176,316,190,353,65,61,71,52,31
7,"전대에버랜드",127.2195641,37.2852603,3612,77,30,76,9,17,6,4,12
7,"지석",127.13666,37.26974,1126,50,45,66,2,37,8,19,1
7,"초당",127.1598275,37.260358,1526,17,13,16,0,17,2,8,0
